pincode,name,lat,lng,ppi,income
560025,Indiranagar,12.975,77.64,172,351800.0
122022,Gurgaon Golf Course Rd,28.4324,77.1005,169,377900.0
560027,Koramangala,12.935,77.627,166,303200.0
D734356,"Sambalpur, Odisha",21.5570606,84.1528515,156,72200.0
400006,Malabar Hill,18.963,72.8003,155,231000.0
110003,Golf Links / Lodhi,28.598,77.227,153,215700.0
110092,Preet Vihar,28.641,77.295,145,147400.0
629853,"Kanniyakumari, Tamil Nadu",8.3279814,77.3541173,144,94700.0
400603,Veer Sawarkar Nagar,19.185704938663225,72.99316406250001,143,121500.0
431601,Nanded Vazirabad,19.1383,77.321,142,65600.0
301705,Kanhawas,28.055418673467702,76.36870879036529,142,91400.0
422009,College Road / Gangapur Road,19.9975,73.7649,141,74100.0
411014,Kalyani Nagar,18.558,73.9012,141,129400.0
431001,Aurangabad City Center (Kranti Chowk),19.8762,75.3433,140,115400.0
560001,MG Road / Cubbon Pk,12.978,77.61,140,163600.0
440010,Ramdaspeth,21.1392,79.0698,140,103100.0
110026,Punjabi Bagh,28.6686,77.1277,139,152000.0
400021,Cuffe Parade,18.921,72.823,138,153700.0
110021,Chanakyapuri,28.595,77.188,138,164600.0
122001,"Gurgaon, Haryana",28.4600912,77.0332843,137,177800.0
400005,Colaba,18.907,72.815,137,151600.0
400049,Bandra West,19.055,72.827,136,147700.0
110001,Connaught Place,28.6329,77.2197,136,111600.0
110057,Vasant Vihar,28.557,77.16,135,153900.0
400060,Juhu,19.0971,72.8263,135,142900.0
110054,"Central, Delhi",28.6990095,77.2314634,135,88300.0
444602,Amravati Camp,20.932,77.785,134,55000.0
400018,Worli,19.0175,72.8169,131,130200.0
D963453,"Jharsuguda, Odisha",21.8019368,83.9713964,131,62700.0
416008,Rajarampuri,16.692,74.232,131,80400.0
388400,"Anand, Gujarat",22.4739858,72.7361779,130,69100.0
303108,Jagdishpura,27.736430825759445,76.12838745117189,130,91100.0
403529,"North Goa, Goa",15.6038925,73.9967006,130,106900.0
333036,333036,27.961571750035173,75.97566013471403,130,69100.0
638656,"Tiruppur, Tamil Nadu",10.7915267,77.5325466,130,110800.0
744202,"North  & Middle Andaman, Andaman &Nicobar",13.2277144,92.9394925,130,69100.0
421302,Khoni,19.30660720441715,73.06594848632814,130,90600.0
203200,"Gautam Buddha Nagar, Uttar Pradesh",28.368716,77.5970121,130,68600.0
123001,Patikara,28.05174614107476,76.12838745117189,130,52500.0
123412,Tankri,28.055418673467702,76.4707946777344,130,83100.0
123106,Dharuhera,28.15273211642041,76.7449951171875,130,54400.0
141116,"Ludhiana, Punjab",30.789407,75.8269724,130,82900.0
413001,Solapur City Center,17.6599,75.9064,129,51800.0
560034,Whitefield,12.969,77.75,128,123500.0
400051,Khar West,19.072,72.835,128,122500.0
421201,Dombivli East,19.205879248702324,73.11167912593477,126,70200.0
560017,HSR Layout,12.907,77.641,125,115300.0
400614,Vashi,19.0771,73.0028,125,68000.0
110034,Pitampura,28.699,77.131,123,87100.0
631501,"Kancheepuram, Tamil Nadu",12.88211,79.8063903,122,57600.0
110081,"West, Delhi",28.7379145,77.0100626,120,81500.0
410206,"Raigarh, Maharashtra",18.9818971,73.1141545,120,72000.0
283119,283119,27.012605773210016,77.80797124389846,119,65800.0
283125,Shamsabad,26.995421188850504,78.13416056229262,119,65900.0
282007,Sikandra,27.198123891553205,77.91503906250001,119,65800.0
280001,280001,27.108033801463115,78.01624694801241,119,65900.0
282009,Karaundhana,27.044330487842707,77.98660384465538,119,65900.0
283122,Kiraoli,27.108033801463115,77.81383117698762,119,65800.0
283105,Mahaur,27.171737115083523,77.84347428034465,119,65800.0
282010,Shahganj,27.171737115083523,77.98660384465538,119,65900.0
283202,Etmadpur,27.220646414075727,78.13416056229262,119,65900.0
282001,282001,27.10795250959734,78.0665846886099,119,65900.0
203202,Bilaspur,28.403780747296384,77.60847599111814,119,65500.0
400087,"Mumbai Suburban, Maharashtra",19.1309844,72.8894618,119,71100.0
281302,Bisawar,27.333259026688346,77.91503906250001,119,66000.0
D212378,"Sirsa, Haryana",29.6063041,74.9036568,118,60300.0
560099,Bellandur,12.935,77.666,118,98300.0
201312,Murshadpur,28.377393970826702,77.53601074218751,117,65000.0
127029,"Bhiwani, Haryana",28.7328101,75.8928296,117,63600.0
203205,Sanwli,28.467484060916792,77.63849208002596,116,64900.0
D862485,"East Khasi Hills, Meghalaya",25.4023736,91.8317178,116,45000.0
560037,Marathahalli,12.956,77.701,116,95500.0
301701,Behror Tehsil,27.866226520794232,76.23628674159261,115,64200.0
411004,Deccan Gymkhana,18.5195,73.841,115,71400.0
301713,Nimbhor (Nimhor),27.961656050984672,76.23038451779661,115,64200.0
301709,Behror Tehsil,27.961571750035173,76.28111476762976,115,64200.0
301020,301020,27.84904343837206,76.34921757819313,115,64100.0
560008,Ulsoor,12.9743,77.6186,114,89900.0
121101,Chirsi,28.403780747296384,77.46354549325689,114,134300.0
D989489,"Nainital, Uttarakand",29.294995,79.4162511,114,59900.0
400605,Reti Bandar,19.19932304572844,73.00140380859376,113,61900.0
400053,Santacruz West,19.083,72.841,113,87600.0
210310,Sector 20,28.467484060916792,77.53601074218751,112,64600.0
110024,Defence Colony / Lajpat,28.573,77.231,112,82900.0
245408,Gulavthi,28.580096673529404,77.75788934714228,112,64300.0
413002,Solapur Railway Lines,17.661,75.907,112,35000.0
411089,"Pune, Maharashtra",18.6448627,73.9224157,112,60600.0
400013,Lower Parel,18.9937,72.8263,111,84200.0
110094,"North East, Delhi",28.723308,77.2668565,111,67600.0
560011,Jayanagar,12.93,77.584,111,84900.0
201008,201008,28.56282838550213,77.64461617553248,111,63400.0
122008,Sector 63,28.387215914582992,77.0855712890625,110,144100.0
121004,Sector 57,28.35487144830418,77.31413213723275,110,100100.0
400054,Vile Parle West,19.0983,72.8487,110,82000.0
192129,"Anantnag, Jammu And Kashmir",33.8096849,75.2494527,109,41000.0
121001,"Faridabad, Haryana",28.3584336,77.3268462,109,86900.0
201301,Noida Sec 18-27,28.57,77.326,109,108400.0
416001,Kolhapur City Center,16.705,74.2433,109,48300.0
410500,Chakan,18.745225225225223,73.86,109,40000.0
201308,Knowledge Park III,28.475205180457223,77.49237637383759,108,60100.0
203207,203207,28.570549319816863,77.53746379312402,108,63000.0
201314,Beel Akbarpur,28.5311873745372,77.60847599111814,108,62100.0
400059,Andheri West,19.119,72.836,108,77200.0
335526,5 GGR,29.520890519025382,74.52026367187501,107,53000.0
D939856,"Nagaur, Rajasthan",26.9873443,73.7389011,107,47200.0
110070,Vasant Kunj,28.52,77.155,107,81000.0
335525,Ramzanpura,29.45718720540497,74.44705629018843,106,51700.0
201306,Surajpur,28.521494383998657,77.47421264648439,106,63400.0
335512,Satipura,29.633503131638,74.29611275870339,106,52000.0
440021,"Nagpur, Maharashtra",21.1529647,79.0145059,106,53100.0
444601,Amravati City Center,20.9374,77.7796,105,28400.0
400028,Dadar West,19.0178,72.8478,105,73700.0
122004,Sector 77,28.36082913811331,77.01322236056504,105,124500.0
201009,Masuri,28.69270928614202,77.53601074218751,105,64400.0
182202,"Doda, Jammu And Kashmir",33.13261,75.5890079,105,39000.0
122002,Gurgaon City,28.4738,77.034,104,83400.0
201001,Ghaziabad,28.66597993573544,77.49257330894815,104,65100.0
110009,Model Town,28.7143,77.1908,103,42000.0
201003,201003,28.70553403753221,77.38386115498587,103,66700.0
574220,"Dakshina Kannada, Karnataka",12.8226434,75.2265036,102,44400.0
D905581,"Rajkot, Gujarat",22.069288,71.0288686,101,38700.0
797004,"Kohima, Nagaland",25.7169804,94.0982194,101,45200.0
304001,"Tonk, Rajasthan",26.1223198,75.6632235,101,53500.0
400062,Goregaon West,19.1584,72.8494,101,66100.0
110004,"New Delhi, Delhi",28.6138954,77.2090057,101,50000.0
570001,"Mysore, Karnataka",12.328986,76.6635208,101,42900.0
625520,"Theni, Tamil Nadu",9.8692558,77.4222974,100,47600.0
D160859,"Aizawl, Mizoram",23.8608788,92.864694,100,35000.0
342001,"Jodhpur, Rajasthan",26.410532,72.9646645,100,42600.0
174316,"Una, Himachal Pradesh",31.5834642,76.2351452,100,40100.0
D629207,"Lunglei, Mizoram",22.9519972,92.6338827,100,35000.0
D254564,"Panchkula, Haryana",30.689535,76.9947922,100,35000.0
796911,"Saiha, Mizoram",22.2876724,93.01336,100,35000.0
D226277,"Serchhip, Mizoram",23.3052514,92.8455124,100,35000.0
D648773,"Surat, Gujarat",21.1923647,72.9551023,100,35000.0
140306,"Sahibzada Ajit Singh Nagar, Punjab",30.6488449,76.7412738,100,33600.0
D976610,"Chennai, Tamil Nadu",13.0008413,80.2023035,100,35000.0
D653477,"Solan, Himachal Pradesh",31.0568119,76.850301,100,35000.0
D681670,"Mokokchung, Nagaland",26.4795861,94.5105275,100,35000.0
D792405,"Coimbatore, Tamil Nadu",10.8124445,77.0796084,100,35000.0
D701545,"Munger, Bihar",25.2202864,86.5161484,100,35000.0
D324734,"Karauli, Rajasthan",26.5158329,77.0565965,100,35000.0
560029,Basavanagudi,12.937,77.5763,99,64000.0
110091,Mayur Vihar Phase 1,28.6085,77.296,99,51500.0
643001,"The Nilgiris, Tamil Nadu",11.4,76.7,98,59000.0
636014,"Salem, Tamil Nadu",11.6469616,78.2106958,98,44500.0
577101,"Chikmagalur, Karnataka",13.3245255,75.7722995,98,46500.0
144601,"Kapurthala, Punjab",31.3856476,75.3053304,98,41600.0
637003,"Namakkal, Tamil Nadu",11.3033889,78.118604,98,42600.0
625005,"Madurai, Tamil Nadu",9.9369266,78.007823,98,43600.0
387335,"Kheda, Gujarat",22.8532503,72.9953586,98,39400.0
400708,Airoli,19.1553,72.9984,97,36100.0
123502,Dohki,28.239842077883804,76.67443978421706,97,39700.0
791120,"Lower Subansiri, Arunachal Pradesh",27.6059753,93.8669707,97,41800.0
D171306,"Lawngtlai, Mizoram",22.3913377,92.7397189,97,34600.0
792110,"Lower Dibang Valley, Arunachal Pradesh",28.2149563,95.878774,97,44200.0
796082,"Kolasib, Mizoram",24.1905469,92.7136595,96,43500.0
790116,"West Kameng, Arunachal Pradesh",27.2915853,92.4619174,96,45000.0
521156,"Krishna, Andhra Pradesh",16.2135466,81.0277844,96,39400.0
249401,"Haridwar, Uttarakand",29.9123514,78.0087178,96,32700.0
700019,"Kolkata, West Bengal",22.5354262,88.3633146,96,43100.0
799001,"West Tripura, Tripura",23.9153329,91.3879341,96,39800.0
790105,"Tawang, Arunachal Pradesh",27.6741942,91.9362059,96,38400.0
791119,"Papum Pare, Arunachal Pradesh",27.2863667,93.6187716,96,36900.0
560078,JP Nagar,12.9044,77.5856,96,60500.0
691315,"Kollam, Kerala",8.9674039,76.8585783,95,31000.0
688501,"Alappuzha, Kerala",9.5003416,76.4123364,95,43600.0
791001,"West Siang, Arunachal Pradesh",28.1970922,94.48407,95,51200.0
171207,"Shimla, Himachal Pradesh",31.2387672,77.7185684,95,43600.0
680014,"Thrissur, Kerala",10.4786547,76.2726125,95,44200.0
685512,"Idukki, Kerala",9.8154785,76.9991599,95,43100.0
782423,"Kamrup Metropolitan, Assam",26.1352638,91.8616706,95,31000.0
176041,"Hamirpur, Himachal Pradesh",31.6539866,76.5403633,95,31100.0
791122,"Upper Subansiri, Arunachal Pradesh",28.2596054,94.0938106,95,39600.0
110059,Uttam Nagar,28.62,77.06,94,54900.0
686564,"Kottayam, Kerala",9.6287383,76.6455326,94,44600.0
560076,Malleshwaram,13.004,77.572,94,58200.0
560002,Shivajinagar,12.9836,77.6081,94,58100.0
695543,"Thiruvananthapuram, Kerala",8.5769705,77.0501246,94,54300.0
737139,"South District, Sikkim",27.333333,88.416667,94,55800.0
689699,"Pathanamthitta, Kerala",9.2780841,76.9737443,94,45000.0
683541,"Ernakulam, Kerala",10.0383947,76.5074145,94,54500.0
737120,"North District, Sikkim",27.666667,88.5,93,62500.0
737101,"East District, Sikkim",27.3338349,88.614658,93,63200.0
402004,Balkeshwar,27.203380537607654,78.02228952920916,93,39800.0
110020,Jhatta,28.467484060916792,77.43352940434907,92,55000.0
440001,Nagpur Sadar / Civil Lines,21.159,79.087,92,35100.0
422001,Nashik City Center,19.9975,73.7898,91,23900.0
530028,"Visakhapatnam, Andhra Pradesh",17.8053222,83.2827677,91,35600.0
110093,Shahdara/Nand Nagri,28.673,77.289,91,42500.0
431005,Osmanpura / Garkheda,19.855,75.332,91,37400.0
160018,"Chandigarh District, Chandigarh",30.729844,76.7841457,90,68600.0
560085,Banashankari,12.924,77.563,90,53200.0
110074,"South, Delhi",28.4851694,77.1963652,90,55500.0
560012,"Bangalore, Karnataka",13.0222347,77.5671832,90,52900.0
400201,Kopar,19.21651711432706,73.06594848632814,90,36800.0
605005,"Puducherry, Puducherry",11.9220116,79.7951365,90,28000.0
673574,"Kozhikode, Kerala",11.4655936,75.89194,89,42000.0
421604,Vasind,19.419219817029763,73.27262198539482,89,36500.0
410210,410210,19.07230930047477,73.05461883544923,89,35900.0
452001,"Indore, Madhya Pradesh",22.7108119,75.8076918,88,37000.0
110048,Greater Kailash,28.543,77.24,88,49300.0
400001,Fort Mumbai,18.934,72.834,88,50200.0
609604,"Karaikal, Puducherry",10.9156489,79.8069488,88,26900.0
301714,Bhojpuri,27.965328583377616,76.4707946777344,88,26900.0
560066,Brookefield,12.982,77.7212,87,50000.0
401209,Waliv,19.410147138312617,72.84795679800064,86,34400.0
201303,Hazipur,28.534866970958088,77.34844207763672,86,25700.0
583103,"Bellary, Karnataka",15.1481913,76.9349293,85,47900.0
431602,Nanded Shivaji Nagar,19.15,77.305,85,18500.0
251001,Muzaffarnagar,29.47,77.7,84,21000.0
301704,Adeend,28.11912198708812,76.39860905451226,84,25000.0
122011,Sector 59,28.420391085674304,77.1165958765329,83,53900.0
360001,360001,22.332467352694376,70.7929789507673,83,28800.0
421312,Budhavali,19.53183242964237,73.06594848632814,83,32400.0
122102,122102,28.35668777205389,77.08659314869777,82,53200.0
122506,Sector 97,28.4203051479877,76.8607760162296,82,53000.0
122505,Sector 95,28.420391085674304,76.91172443596713,82,53100.0
122051,Gurgaon,28.32496073857172,76.90579868759424,82,52900.0
400050,Bandra East,19.058,72.843,82,44800.0
122052,Industrial Modern Township Manesar,28.35668777205389,76.94172716380226,82,53100.0
560032,RT Nagar,13.0231,77.5907,81,44600.0
421503,Manjarli,19.1849219130874,73.26128087289783,80,30500.0
560004,Rajajinagar,12.9952,77.55,76,41000.0
560103,Sarjapur Road,12.9013,77.6791,76,40700.0
400607,Kolshet,19.242903890796743,72.99844920418562,76,28500.0
411001,Pune Camp / GPO,18.5196,73.8553,75,30800.0
110016,Hauz Khas,28.549,77.2,75,38900.0
301708,Nangli Balai,28.1455087635578,76.4707946777344,74,21100.0
431605,Nanded CIDCO / Taroda,19.12,77.295,73,14900.0
110075,Dwarka,28.5921,77.046,72,40000.0
400068,Powai,19.117,72.905,72,37700.0
110017,Saket / Malviya Nagar,28.524,77.21,72,37100.0
744207,"South Andaman, Andaman &Nicobar",10.7056905,92.4874679,70,19500.0
403103,"South Goa, Goa",15.3376121,73.9937035,70,30200.0
123023,123023,27.82675781009686,76.12838745117189,70,14800.0
302001,"Jaipur, Rajasthan",26.9784335,75.7122089,70,25700.0
400612,Anjur,19.207444435609915,73.05461883544923,70,25500.0
400063,Malad West,19.186,72.848,70,36300.0
123110,Devlavas,28.1761387642634,76.60217285156251,70,15300.0
123501,Bawal,28.11912198708812,76.54298030095654,70,23400.0
141001,Ludhiana City,30.9,75.85,70,23400.0
638506,"Erode, Tamil Nadu",11.4905282,77.3505274,70,31200.0
332746,Dhani Sihodiyan,28.074268663597284,75.90755732415064,70,19500.0
383205,"Ahmadabad, Gujarat",23.416667,72.916667,70,19500.0
248159,"Dehradun, Uttarakand",30.4998157,77.8625457,70,19300.0
422003,Panchavati,20.0176,73.791,69,16100.0
560003,Chamrajpet,12.962,77.5632,69,36300.0
431003,CIDCO Aurangabad,19.902,75.345,69,25000.0
560047,Hebbal,13.0358,77.5953,68,35000.0
412216,412216,18.63261261261261,74.06570357093172,68,27000.0
440015,Trimurti Nagar,21.128,79.027,68,22100.0
400615,Bhayander Pada,19.297534525700005,72.95916572908746,68,24600.0
400086,Borivali West,19.234,72.858,67,34600.0
110058,Janakpuri,28.6282,77.0847,66,32400.0
560035,Electronic City,12.845,77.663,66,33900.0
400097,Malad East,19.1776,72.8681,66,33400.0
400071,Chembur,19.052,72.9,65,32900.0
110006,Chandni Chowk,28.6562,77.23,63,23900.0
400074,Chembur East,19.0488,72.9302,63,32000.0
110040,Narela,28.84,77.09,62,19000.0
560068,Vijayanagar,12.965,77.536,62,31900.0
400080,Mulund West,19.168,72.951,61,30500.0
560064,Yelahanka,13.1067,77.5955,61,30900.0
444906,Warud,21.46,78.276,61,12000.0
416115,Ichalkaranji,16.691,74.46,60,18100.0
400070,Ghatkopar,19.074,72.907,60,30300.0
413304,Pandharpur,17.6792,75.3316,59,12100.0
110085,Rohini,28.7495,77.0737,58,23200.0
110043,Najafgarh,28.64561631089953,77.01416015625001,58,30800.0
601103,"Thiruvallur, Tamil Nadu",13.2537619,80.0562572,57,15400.0
110032,Vivek Vihar,28.6724,77.3078,53,21300.0
401301,Kaman,19.31849186131494,72.90527343750001,52,15600.0
400702,Uran,18.868041410864485,72.90527343750001,48,17200.0
301406,"Alwar, Rajasthan",27.4140049,76.6170387,40,14700.0
